[
  {
    "id": 0,
    "img_id": 4,
    "comment": "Wow! I love this!",
    "comment_from": "dan22",
    "date_posted": "Date"
  },
  {
    "id": 1,
    "img_id": 1,
    "comment": "Nice! I love this!",
    "comment_from": "rei22",
    "date_posted": "Date"
  },
  {
    "id": 2,
    "img_id": 1,
    "comment": "Oh WOWOWOWOWOWWOWO!",
    "comment_from": "rei22",
    "date_posted": "Date"
  },
  {
    "id": 3,
    "img_id": 1,
    "comment": "Nice! I tewtwetw this!",
    "comment_from": "abc123",
    "date_posted": "Date"
  },
  {
    "id": 4,
    "img_id": 1,
    "comment": "gewagewg hgwae h awerharephae haerh aerhaerh ahrewherh arwehehehr eahrer herherheherh arhewrher ",
    "comment_from": "abc123",
    "date_posted": "Date"
  }
]
