[
  {
    "id": 0,
    "user_id": "abc123",
    "title": "Title",
    "caption": "Here is my art.",
    "image_file": "1.png",
    "likes": ["rei22"]
  },
  {
    "id": 1,
    "user_id": "dan22",
    "title": "Title",
    "caption": "Here is my art.",
    "image_file": "2.png",
    "likes": [""]
  },
  {
    "id": 2,
    "user_id": "rei22",
    "title": "Title 123",
    "caption": "Here is my art. 123",
    "image_file": "3.png",
    "likes": ["dan22", "rei22"]
  },
  {
    "id": 4,
    "user_id": "rei22",
    "title": "Title 321 ",
    "caption": "Here is my art.321",
    "image_file": "4.png",
    "likes": ["dan22", "rei22", "abc123"]
  }
]
