{
  "A": [
    {
      "hg": "あ",
      "kt": "ア"
    }
  ],
  "I": [
    {
      "hg": "い",
      "kt": "イ"
    }
  ],
  "U": [
    {
      "hg": "う",
      "kt": "ウ"
    }
  ],
  "E": [
    {
      "hg": "え",
      "kt": "エ"
    }
  ],
  "O": [
    {
      "hg": "お",
      "kt": "オ"
    }
  ],
  "KA": [
    {
      "hg": "か",
      "kt": "カ"
    }
  ],
  "KI": [
    {
      "hg": "き",
      "kt": "キ"
    }
  ],
  "KU": [
    {
      "hg": "く",
      "kt": "ク"
    }
  ],
  "KE": [
    {
      "hg": "け",
      "kt": "ケ"
    }
  ],
  "KO": [
    {
      "hg": "こ",
      "kt": "コ"
    }
  ],
  "HA": [
    {
      "hg": "は",
      "kt": "ハ"
    }
  ],
  "HI": [
    {
      "hg": "ひ",
      "kt": "ヒ"
    }
  ],
  "FU": [
    {
      "hg": "ふ",
      "kt": "フ"
    }
  ],
  "HE": [
    {
      "hg": "へ",
      "kt": "ヘ"
    }
  ],
  "HO": [
    {
      "hg": "ほ",
      "kt": "ホ"
    }
  ],
  "SA": [
    {
      "hg": "さ",
      "kt": "サ"
    }
  ],
  "SHI": [
    {
      "hg": "し",
      "kt": "シ"
    }
  ],
  "SU": [
    {
      "hg": "す",
      "kt": "ス"
    }
  ],
  "SE": [
    {
      "hg": "せ",
      "kt": "セ"
    }
  ],
  "SO": [
    {
      "hg": "そ",
      "kt": "ソ"
    }
  ],
  "TA": [
    {
      "hg": "た",
      "kt": "タ"
    }
  ],
  "CHI": [
    {
      "hg": "ち",
      "kt": "チ"
    }
  ],
  "TSU": [
    {
      "hg": "つ",
      "kt": "ツ"
    }
  ],
  "TE": [
    {
      "hg": "て",
      "kt": "テ"
    }
  ],
  "TO": [
    {
      "hg": "と",
      "kt": "ト"
    }
  ],
  "NA": [
    {
      "hg": "な",
      "kt": "ナ"
    }
  ],
  "NI": [
    {
      "hg": "に",
      "kt": "ニ"
    }
  ],
  "NU": [
    {
      "hg": "ぬ",
      "kt": "ヌ"
    }
  ],
  "NE": [
    {
      "hg": "ね",
      "kt": "ネ"
    }
  ],
  "NO": [
    {
      "hg": "の",
      "kt": "ノ"
    }
  ],
  "MA": [
    {
      "hg": "ま",
      "kt": "マ"
    }
  ],
  "MI": [
    {
      "hg": "み",
      "kt": "ミ"
    }
  ],
  "MU": [
    {
      "hg": "む",
      "kt": "ム"
    }
  ],
  "ME": [
    {
      "hg": "め",
      "kt": "メ"
    }
  ],
  "MO": [
    {
      "hg": "も",
      "kt": "モ"
    }
  ],
  "RA": [
    {
      "hg": "ら",
      "kt": "ラ"
    }
  ],
  "RI": [
    {
      "hg": "り",
      "kt": "リ"
    }
  ],
  "RU": [
    {
      "hg": "る",
      "kt": "ル"
    }
  ],
  "RE": [
    {
      "hg": "れ",
      "kt": "レ"
    }
  ],
  "RO": [
    {
      "hg": "ろ",
      "kt": "ロ"
    }
  ],
  "YA": [
    {
      "hg": "や",
      "kt": "ヤ"
    }
  ],
  "YU": [
    {
      "hg": "ゆ",
      "kt": "ユ"
    }
  ],
  "YO": [
    {
      "hg": "よ",
      "kt": "ヨ"
    }
  ],
  "WA": [
    {
      "hg": "わ",
      "kt": "ワ"
    }
  ],
  "WO": [
    {
      "hg": "を",
      "kt": "ヲ"
    }
  ],
  "GA": [
    {
      "hg": "が",
      "kt": "ガ"
    }
  ],
  "GI": [
    {
      "hg": "ぎ",
      "kt": "ギ"
    }
  ],
  "GU": [
    {
      "hg": "ぐ",
      "kt": "グ"
    }
  ],
  "GE": [
    {
      "hg": "げ",
      "kt": "ゲ"
    }
  ],
  "GO": [
    {
      "hg": "ご",
      "kt": "ゴ"
    }
  ],
  "BA": [
    {
      "hg": "ば",
      "kt": "バ"
    }
  ],
  "BI": [
    {
      "hg": "び",
      "kt": "ビ"
    }
  ],
  "BU": [
    {
      "hg": "ぶ",
      "kt": "ブ"
    }
  ],
  "BE": [
    {
      "hg": "べ",
      "kt": "ベ"
    }
  ],
  "BO": [
    {
      "hg": "ぼ",
      "kt": "ボ"
    }
  ],
  "PA": [
    {
      "hg": "ぱ",
      "kt": "パ"
    }
  ],
  "PI": [
    {
      "hg": "ぴ",
      "kt": "ピ"
    }
  ],
  "PU": [
    {
      "hg": "ぷ",
      "kt": "プ"
    }
  ],
  "PE": [
    {
      "hg": "ぺ",
      "kt": "ペ"
    }
  ],
  "PO": [
    {
      "hg": "ぽ",
      "kt": "ポ"
    }
  ],
  "ZA": [
    {
      "hg": "ざ",
      "kt": "ザ"
    }
  ],
  "JI": [
    {
      "hg": "じ",
      "kt": "ジ"
    },
    {
      "hg": "ぢ ",
      "kt": "ヂ"
    }
  ],
  "ZU": [
    {
      "hg": "ず",
      "kt": "ズ"
    },
    {
      "hg": "づ ",
      "kt": "ヅ "
    }
  ],
  "ZE": [
    {
      "hg": "ぜ",
      "kt": "ゼ"
    },
    {
      "hg": "ぜ",
      "kt": "ゼ"
    }
  ],
  "ZO": [
    {
      "hg": "ぞ",
      "kt": "ゾ"
    },
    {
      "hg": "ぞ",
      "kt": "ゾ"
    }
  ],
  "DA": [
    {
      "hg": "だ",
      "kt": "ダ"
    }
  ]
}
