
    {"A":"a" },
    {"I":"a" },
    {"U":"" },
    {"E":"" },
    {"O":"" },
    {"KA":"" },
    {"KI":"" },
    {"KU":"" },
    {"KE":"" },
    {"KO":"" },
    {"SA":"" },
    {"SHI":"" },
    {"SU":"" },
    {"SE":"" },
    {"SO":"" },
    {"TA":"" },
    {"CHI":"" },
    {"TSU":"" },
    {"TE":"" },
    {"TO":"" },
    {"NA":"" },
    {"NI":"" },
    {"NU":"" },
    {"NE":"" },
    {"NO":"" },
    {"HA":"" },
    {"HI":"" },
    {"FU":"" },
    {"HE":"" },
    {"HO":"" },
    {"MA":"" },
    {"MI":"" },
    {"MU":"" },
    {"ME":"" },
    {"MO":"" },
    {"YA":"" },
    {"YU":"" },
    {"YO":"" },
    {"RA":"" },
    {"RI":"" },
    {"RU":"" },
    {"RE":"" },
    {"RO":"" },
    {"WA":"" },
    {"WO":"" },
  }
};
